cluster,name,mom_weight,ic_weight,weeks,ann_return,ann_vol,sharpe,max_dd
0,工业金属/能源牛市,0.0,1.0,258,0.2556669898266346,0.2126007077936526,1.202568855390555,-0.31818753235151653
1,大宗全面牛市,0.0,1.0,342,0.3699510073697476,0.21857697932191686,1.692543325090468,-0.16253017716887463
2,停滞横盘期,0.0,1.0,213,0.3622639175853164,0.2520476722480487,1.4372833295948877,-0.33676941352406997
3,温和复苏期,0.0,1.0,421,0.19220105519215958,0.22753134182628634,0.8447234286470282,-0.21236527311417586
4,加息紧缩期,0.0,1.0,172,0.2920182637960318,0.2032320105484181,1.4368714013507295,-0.1910626341814099
5,衰退/通缩/避险,0.0,1.0,168,0.1947086083760572,0.2616487912197761,0.7441601677896099,-0.2983308953332944
0,工业金属/能源牛市,0.05,0.95,258,0.24559008992499365,0.2131876557399375,1.151990198834885,-0.320168379751806
1,大宗全面牛市,0.05,0.95,342,0.36846461802777486,0.21774296060334514,1.6921999085839297,-0.1598450490828318
2,停滞横盘期,0.05,0.95,213,0.3508698659426075,0.24696250347022103,1.4207414526995825,-0.331808562023577
3,温和复苏期,0.05,0.95,421,0.1861153353970928,0.22578242263585827,0.8243127752121762,-0.21208885506645425
4,加息紧缩期,0.05,0.95,172,0.276038460327348,0.19964262710235817,1.3826629329307571,-0.1961872251677158
5,衰退/通缩/避险,0.05,0.95,168,0.18404297887505394,0.2560588405266203,0.7187526839399264,-0.3004696371685486
0,工业金属/能源牛市,0.1,0.9,258,0.23477099000215262,0.21393390101137344,1.0973996589239563,-0.32209226687053016
1,大宗全面牛市,0.1,0.9,342,0.36660981056328223,0.21708236323428912,1.6888051387556233,-0.16372558116320735
2,停滞横盘期,0.1,0.9,213,0.3387348589120769,0.24181911171982962,1.4007778645078035,-0.32645527629135895
3,温和复苏期,0.1,0.9,421,0.17951010744981755,0.2240215966680138,0.8013071512736357,-0.21346570771354811
4,加息紧缩期,0.1,0.9,172,0.25911104687528574,0.19605379966838343,1.3216323647568216,-0.20187938588817733
5,衰退/通缩/避险,0.1,0.9,168,0.17292633596385998,0.25056804615863576,0.6901372246578462,-0.30263455693191676
0,工业金属/能源牛市,0.15,0.85,258,0.22323302630203234,0.2148491862914117,1.039021977021822,-0.32393833034908803
1,大宗全面牛市,0.15,0.85,342,0.3643384373907954,0.21663081888856636,1.6818402813600082,-0.1688735960738157
2,停滞横盘期,0.15,0.85,213,0.32593152845521467,0.23673098893340766,1.376801279476339,-0.3207064454820904
3,温和复苏期,0.15,0.85,421,0.17240161806808563,0.2222869118533133,0.7755815069393429,-0.21719851230707998
4,加息紧缩期,0.15,0.85,172,0.2412654714913025,0.19253400431315384,1.2531057687809142,-0.20819384362257887
5,衰退/通缩/避险,0.15,0.85,168,0.16142808448753243,0.2452633732780371,0.6581825990973925,-0.30481389347572596
0,工业金属/能源牛市,0.2,0.8,258,0.21101537446806318,0.2159380486190627,0.9772033035285799,-0.3261706434445496
1,大宗全面牛市,0.2,0.8,342,0.3616027632947483,0.2164221087023263,1.6708217356485882,-0.17410993181825596
2,停滞横盘期,0.2,0.8,213,0.31255182711697915,0.23182296996729523,1.3482349361716524,-0.31456609531047175
3,温和复苏期,0.2,0.8,421,0.16482033911687366,0.2206198705623349,0.7470783964144545,-0.22338768229548056
4,加息紧缩期,0.2,0.8,172,0.2225571488378515,0.18915814337782189,1.1765665747380427,-0.21517459649552806
5,衰退/通缩/避险,0.2,0.8,168,0.14963224086212712,0.24022701652815512,0.6228784881262092,-0.306992507121452
0,工业金属/能源牛市,0.25,0.75,258,0.19817351521790183,0.2171989309004053,0.9124055739886335,-0.33054750165772717
1,大宗全面牛市,0.25,0.75,342,0.3583580333240042,0.2164859405221454,1.6553409078653123,-0.17939327855673104
2,停滞横盘期,0.25,0.75,213,0.29870150789774375,0.2272225989886681,1.314576583611036,-0.3089042248320102
3,温和复苏期,0.25,0.75,421,0.15681034305655972,0.21906281045583031,0.7158236613976858,-0.22982720867424966
4,加息紧缩期,0.25,0.75,172,0.20306953458230792,0.18600373697311642,1.0917497566818137,-0.22284703266520145
5,衰退/通缩/避险,0.25,0.75,168,0.1376333277387738,0.235530748929405,0.5843539680673552,-0.3091516978440262
0,工业金属/能源牛市,0.3,0.7,258,0.18477899162280043,0.2186238410007584,0.845191406284731,-0.3349060637219595
1,大宗全面牛市,0.3,0.7,342,0.354565114923691,0.21684568780539148,1.6351033701066542,-0.18583195942990116
2,停滞横盘期,0.3,0.7,213,0.2844937077112848,0.22305035367476908,1.2754685344552585,-0.3036383092435332
3,温和复苏期,0.3,0.7,421,0.1484273263962419,0.21765592811292567,0.6819356021363859,-0.23647337890350173
4,加息紧缩期,0.3,0.7,172,0.18291492729201697,0.18314613828135445,0.998737560117253,-0.2312091720230659
5,衰退/通缩/避险,0.3,0.7,168,0.1255309152957993,0.23123112408370355,0.5428807034227722,-0.3112692099776464
0,工业金属/能源牛市,0.35,0.65,258,0.1709184446667733,0.2201986829989479,0.776201030537453,-0.33918225458175055
1,大宗全面牛市,0.35,0.65,342,0.35019324248493144,0.2175162123506106,1.609963867522946,-0.19351041399828084
2,停滞横盘期,0.35,0.65,213,0.27004274407849116,0.21941024349055147,1.2307663479263222,-0.29818993079348355
3,温和复苏期,0.35,0.65,421,0.13973546604775788,0.21643442203385854,0.645624964525735,-0.2447707876120513
4,加息紧缩期,0.35,0.65,172,0.16223358858991155,0.18065291524573326,0.8980402467861268,-0.2402235127472212
5,衰退/通缩/避险,0.35,0.65,168,0.11342349043831157,0.22736624117933352,0.49885809718272817,-0.31331947921919023
0,工业金属/能源牛市,0.4,0.6,258,0.15669194685921473,0.22190427456018744,0.7061240580866546,-0.3433053179658788
1,大宗全面牛市,0.4,0.6,342,0.3452230633155442,0.2185019376612081,1.5799542421029689,-0.20132958563238157
2,停滞横盘期,0.4,0.6,213,0.25545912202748244,0.2163822941901529,1.1805916144090307,-0.2925943601326604
3,温和复苏期,0.4,0.6,421,0.13080356227559253,0.215426250086377,0.6071848821726494,-0.25334537984757977
4,加息紧缩期,0.4,0.6,172,0.1411906983555089,0.17857773406323343,0.7906399926964804,-0.2498116893994703
5,衰退/通缩/避险,0.4,0.6,168,0.10140258496207077,0.22395449541618462,0.45278209206575576,-0.3152741646280479
0,工业金属/能源牛市,0.45,0.55,258,0.1422106742913103,0.22371793443852458,0.6356695302422808,-0.3472015615379678
1,大宗全面牛市,0.45,0.55,342,0.33965007652598156,0.2197954699402783,1.5453006225208807,-0.20916965558058542
2,停滞横盘期,0.45,0.55,213,0.2408463377734209,0.21401800894275425,1.1253554734164577,-0.2868889550096668
3,温和复苏期,0.45,0.55,421,0.1217010886758596,0.21465085893240732,0.5669722883064856,-0.26183572708408565
4,加息紧缩期,0.45,0.55,172,0.11997070868123161,0.17695449657628484,0.6779749088179423,-0.25985438023200746
5,衰退/通缩/避险,0.45,0.55,168,0.08954814414037826,0.2209953483115753,0.40520375123066743,-0.3171029831944575
0,工业金属/能源牛市,0.5,0.5,258,0.12759397643752646,0.22561540231569127,0.5655375259309255,-0.35079886459694243
1,大宗全面牛市,0.5,0.5,342,0.33348808650566,0.2213772045711373,1.5064246888098047,-0.21689379729757863
2,停滞横盘期,0.5,0.5,213,0.2262995132164456,0.21233920305274123,1.065745326171526,-0.28111168849064794
3,温和复苏期,0.5,0.5,421,0.1124947755632888,0.2141189816624565,0.5253844133287954,-0.27015326493974023
4,加息紧缩期,0.5,0.5,172,0.09876899969285957,0.1757930016151406,0.5618483033192195,-0.270198147072765
5,衰退/通缩/避险,0.5,0.5,168,0.07792589713124576,0.2184717907239141,0.35668631118477817,-0.31877482833753956
0,工业金属/能源牛市,0.55,0.45,258,0.11296592611975309,0.22757277012272425,0.49639474027948693,-0.3540313669617908
1,大宗全面牛市,0.55,0.45,342,0.326771715542608,0.22321633974704383,1.4639238145062163,-0.2243591829612015
2,停滞横盘期,0.55,0.45,213,0.21190541738417235,0.2113398942136935,1.0026758940737759,-0.2956680496875307
3,温和复苏期,0.55,0.45,421,0.10324620296794818,0.21383331089572324,0.48283498270433944,-0.2782144894291597
4,加息紧缩期,0.55,0.45,172,0.07778142495505458,0.17507760541341222,0.4442682704700504,-0.2806690372903481
5,衰退/通缩/避险,0.55,0.45,168,0.06658701680674972,0.2163539414561242,0.30776891032629206,-0.32025911080282055
0,工业金属/能源牛市,0.6,0.4,258,0.09845145917192166,0.22956808967427178,0.4288551571414472,-0.3595779798058658
1,大宗全面牛市,0.6,0.4,342,0.3195568230537642,0.22527341718686159,1.4185287684817942,-0.2314310088625573
2,停滞横盘期,0.6,0.4,213,0.19774319150406217,0.2109904224556401,0.9372140649921533,-0.3148919558786448
3,温和复苏期,0.6,0.4,421,0.09401062835405494,0.21378965697472146,0.4397342214042224,-0.28594314487773353
4,加息紧缩期,0.6,0.4,172,0.057193141119354474,0.17476981053008286,0.32724840145952955,-0.29109044420162067
5,衰退/通缩/避险,0.6,0.4,168,0.05556976781624967,0.21460315928042514,0.25894198390451384,-0.32152721861890243
0,工业金属/能源牛市,0.65,0.35,258,0.08417224619019259,0.23158239487104174,0.3634656522015177,-0.36806382079364053
1,大宗全面牛市,0.65,0.35,342,0.3119181650002487,0.22750399947605068,1.3710447540201784,-0.2379964233731553
2,停滞横盘期,0.65,0.35,213,0.18388512616324326,0.2112427804180813,0.8704918852104998,-0.3340372959962765
3,温和复苏期,0.65,0.35,421,0.08483699332353267,0.21397817338784447,0.39647498611814974,-0.2932720789102352
4,加息紧缩期,0.65,0.35,172,0.037168601042511185,0.17481445499623144,0.21261743511606318,-0.30130108881946405
5,衰退/通缩/避险,0.65,0.35,168,0.044902365384027254,0.21317611088762678,0.21063507161783712,-0.3225539617119382
0,工业金属/能源牛市,0.7,0.3,258,0.07024248508573239,0.2336000298259774,0.30069553132360555,-0.3756299343693512
1,大宗全面牛市,0.7,0.3,342,0.30394457441855827,0.22986266239254352,1.3222877141286338,-0.24397493101975598
2,停滞横盘期,0.7,0.3,213,0.17039705407672656,0.21203622196543684,0.8036223834647568,-0.3529320077405651
3,温和复苏期,0.7,0.3,421,0.07576880681085396,0.21438436731373145,0.3534250550086677,-0.300144836536384
4,加息紧缩期,0.7,0.3,172,0.0178443983158727,0.17514788028208847,0.10188189709822917,-0.31116900040983186
5,衰退/通缩/避险,0.7,0.3,168,0.03460609964211292,0.21202837165294028,0.16321447630960487,-0.32331885534238325
0,工业金属/能源牛市,0.75,0.25,258,0.05676486685689208,0.23560836268957427,0.24092891359583282,-0.38224492197980875
1,大宗全面牛市,0.75,0.25,342,0.29573275532830534,0.23230640713739711,1.2730288370970106,-0.24932299433251703
2,停滞横盘期,0.75,0.25,213,0.1573381899693549,0.21330246831258418,0.7376294855565553,-0.37141301019685524
3,温和复苏期,0.75,0.25,421,0.06684544265857673,0.2149898261927583,0.3109237485435408,-0.30651695744808094
4,加息紧缩期,0.75,0.25,172,-0.0006741703864528992,0.1757059234609658,-0.0038369246361957196,-0.3205990017632959
5,衰退/通缩/避险,0.75,0.25,168,0.02469795678443365,0.21111729410614782,0.11698689531335006,-0.3238071097066214
0,工业金属/能源牛市,0.8,0.2,258,0.0438270321689358,0.23759712002020886,0.1844594419545493,-0.387907801265851
1,大宗全面牛市,0.8,0.2,342,0.28738100467777183,0.2347969121721879,1.223955639020591,-0.25403255008825
2,停滞横盘期,0.8,0.2,213,0.14476047374154377,0.21497012188278578,0.673398109810235,-0.3893332488546537
3,温和复苏期,0.8,0.2,421,0.058103356210181145,0.2157727715028329,0.26928029799820363,-0.3159217645934339
4,加息紧缩期,0.8,0.2,172,-0.018312985551744987,0.17643003027790796,-0.10379744039548626,-0.329533475440031
5,衰退/通缩/避险,0.8,0.2,168,0.015192346903428744,0.21040403383071538,0.07220558763456046,-0.32401022972756255
0,工业金属/能源牛市,0.85,0.15,258,0.031498865143404275,0.23955763829725568,0.1314876259729979,-0.39264433650701347
1,大宗全面牛市,0.85,0.15,342,0.2789838346315763,0.23730152455038883,1.1756512528107952,-0.25812493605645837
2,停滞横盘期,0.85,0.15,213,0.13270761755265026,0.21696814608152942,0.6116456260947316,-0.408097031350795
3,温和复苏期,0.85,0.15,421,0.04957682743684422,0.21670862674502178,0.2287718222458031,-0.32497092630129065
4,加息紧缩期,0.85,0.15,172,-0.03502634497672297,0.177270777511402,-0.19758668331259552,-0.3380226761980838
5,衰退/通缩/避险,0.85,0.15,168,0.006101923326875758,0.20985475455372504,0.029076888631148934,-0.3239261818682231
0,工业金属/能源牛市,0.9,0.1,258,0.019830924022274266,0.24148228029789198,0.08212165297516191,-0.3965020702215215
1,大宗全面牛市,0.9,0.1,342,0.2706279174428845,0.2397932677689454,1.1285884710643754,-0.26164254917754737
2,停滞横盘期,0.9,0.1,213,0.1212141236372759,0.2192284389253264,0.5529124060339812,-0.4265368942299287
3,温和复苏期,0.9,0.1,421,0.04129804227875833,0.21777075196816417,0.18963998565241522,-0.3335411419177301
4,加息紧缩期,0.9,0.1,172,-0.05079274782545584,0.17818900439674942,-0.28504984354905805,-0.34880386120582907
5,衰退/通缩/避险,0.9,0.1,168,-0.0025622868250337882,0.20944112681031177,-0.012233923986449995,-0.32355914223327964
0,工业金属/能源牛市,0.95,0.05,258,0.008854174720287045,0.24336413944724755,0.03638241336787545,-0.399544763414994
1,大宗全面牛市,0.95,0.05,342,0.2623893494843308,0.2422502895804295,1.0831332748405855,-0.2646403799326057
2,停滞横盘期,0.95,0.05,213,0.11030453919722327,0.2216876185173302,0.49756743265569575,-0.44408983721705875
3,温和复苏期,0.95,0.05,421,0.03329655660244368,0.21893139595998265,0.15208671399752,-0.34163956240410176
4,加息紧缩期,0.95,0.05,172,-0.06561025920796959,0.17915524668782884,-0.3662201382373856,-0.35888694779371233
5,衰退/通缩/避险,0.95,0.05,168,-0.01079114845274498,0.209140280668402,-0.051597656932739135,-0.32291889024685205
0,工业金属/能源牛市,1.0,0.0,258,-0.001418997305372094,0.2451970192648928,-0.005787171922506586,-0.4029610159998863
1,大宗全面牛市,1.0,0.0,342,0.254332041743067,0.24465512305471357,1.0395533049442391,-0.2671788257024862
2,停滞横盘期,1.0,0.0,213,0.09999315779900075,0.22428816553415235,0.4458244935075489,-0.4606900491743934
3,温和复苏期,1.0,0.0,421,0.025598368914041547,0.22016280808262778,0.11627017813305869,-0.3492784852543219
4,加息紧缩期,1.0,0.0,172,-0.07949214577863029,0.1801482517936608,-0.44125960139585163,-0.36832197541068745
5,衰退/通缩/避险,1.0,0.0,168,-0.018577826374752915,0.20893437887792965,-0.0889170392853684,-0.32201994582746807
