date,regime_quadrant
1996-03-15,Recession
1996-03-22,Recession
1996-03-29,Recession
1996-04-05,Recession
1996-04-12,Recession
1996-04-19,Recession
1996-04-26,Recession
1996-05-03,Recession
1996-05-10,Recession
1996-05-17,Recession
1996-05-24,Recession
1996-05-31,Recession
1996-06-07,Recession
1996-06-14,Recession
1996-06-21,Recession
1996-06-28,Recession
1996-07-05,Recession
1996-07-12,Recession
1996-07-19,Recession
1996-07-26,Recession
1996-08-02,Recession
1996-08-09,Recession
1996-08-16,Recession
1996-08-23,Recession
1996-08-30,Recession
1996-09-06,Recession
1996-09-13,Recession
1996-09-20,Recession
1996-09-27,Recession
1996-10-04,Recession
1996-10-11,Recession
1996-10-18,Recession
1996-10-25,Recession
1996-11-01,Recession
1996-11-08,Recession
1996-11-15,Recession
1996-11-22,Recession
1996-11-29,Recession
1996-12-06,Recession
1996-12-13,Recession
1996-12-20,Recession
1996-12-27,Recession
1997-01-03,Recession
1997-01-10,Stagflation
1997-01-17,Stagflation
1997-01-24,Stagflation
1997-01-31,Stagflation
1997-02-07,Stagflation
1997-02-14,Stagflation
1997-02-21,Stagflation
1997-02-28,Stagflation
1997-03-07,Recession
1997-03-14,Recession
1997-03-21,Recession
1997-03-28,Recession
1997-04-04,Recession
1997-04-11,Recession
1997-04-18,Recession
1997-04-25,Recession
1997-05-02,Recession
1997-05-09,Recession
1997-05-16,Recession
1997-05-23,Recession
1997-05-30,Recession
1997-06-06,Recession
1997-06-13,Recession
1997-06-20,Recession
1997-06-27,Recession
1997-07-04,Recession
1997-07-11,Recession
1997-07-18,Recession
1997-07-25,Recession
1997-08-01,Recession
1997-08-08,Recession
1997-08-15,Recession
1997-08-22,Recession
1997-08-29,Recession
1997-09-05,Recession
1997-09-12,Overheat
1997-09-19,Overheat
1997-09-26,Overheat
1997-10-03,Overheat
1997-10-10,Overheat
1997-10-17,Overheat
1997-10-24,Overheat
1997-10-31,Overheat
1997-11-07,Overheat
1997-11-14,Overheat
1997-11-21,Overheat
1997-11-28,Overheat
1997-12-05,Overheat
1997-12-12,Overheat
1997-12-19,Overheat
1997-12-26,Overheat
1998-01-02,Overheat
1998-01-09,Recession
1998-01-16,Recession
1998-01-23,Recession
1998-01-30,Recession
1998-02-06,Recession
1998-02-13,Recession
1998-02-20,Recession
1998-02-27,Recession
1998-03-06,Recession
1998-03-13,Recession
1998-03-20,Recession
1998-03-27,Recession
1998-04-03,Recession
1998-04-10,Recession
1998-04-17,Recession
1998-04-24,Recession
1998-05-01,Recession
1998-05-08,Overheat
1998-05-15,Overheat
1998-05-22,Overheat
1998-05-29,Overheat
1998-06-05,Overheat
1998-06-12,Overheat
1998-06-19,Overheat
1998-06-26,Overheat
1998-07-03,Overheat
1998-07-10,Recession
1998-07-17,Recession
1998-07-24,Recession
1998-07-31,Recession
1998-08-07,Overheat
1998-08-14,Overheat
1998-08-21,Overheat
1998-08-28,Overheat
1998-09-04,Overheat
1998-09-11,Recession
1998-09-18,Recession
1998-09-25,Recession
1998-10-02,Recession
1998-10-09,Recession
1998-10-16,Recession
1998-10-23,Recession
1998-10-30,Recession
1998-11-06,Recession
1998-11-13,Recession
1998-11-20,Recession
1998-11-27,Recession
1998-12-04,Overheat
1998-12-11,Overheat
1998-12-18,Overheat
1998-12-25,Overheat
1999-01-01,Overheat
1999-01-08,Overheat
1999-01-15,Overheat
1999-01-22,Overheat
1999-01-29,Overheat
1999-02-05,Overheat
1999-02-12,Overheat
1999-02-19,Overheat
1999-02-26,Overheat
1999-03-05,Overheat
1999-03-12,Recession
1999-03-19,Recession
1999-03-26,Recession
1999-04-02,Overheat
1999-04-09,Overheat
1999-04-16,Overheat
1999-04-23,Overheat
1999-04-30,Overheat
1999-05-07,Overheat
1999-05-14,Overheat
1999-05-21,Overheat
1999-05-28,Overheat
1999-06-04,Overheat
1999-06-11,Overheat
1999-06-18,Overheat
1999-06-25,Overheat
1999-07-02,Overheat
1999-07-09,Overheat
1999-07-16,Overheat
1999-07-23,Overheat
1999-07-30,Overheat
1999-08-06,Overheat
1999-08-13,Overheat
1999-08-20,Overheat
1999-08-27,Overheat
1999-09-03,Overheat
1999-09-10,Overheat
1999-09-17,Overheat
1999-09-24,Overheat
1999-10-01,Overheat
1999-10-08,Overheat
1999-10-15,Overheat
1999-10-22,Overheat
1999-10-29,Overheat
1999-11-05,Overheat
1999-11-12,Overheat
1999-11-19,Overheat
1999-11-26,Overheat
1999-12-03,Overheat
1999-12-10,Overheat
1999-12-17,Overheat
1999-12-24,Overheat
1999-12-31,Recession
2000-01-07,Recession
2000-01-14,Recession
2000-01-21,Recession
2000-01-28,Recession
2000-02-04,Recession
2000-02-11,Overheat
2000-02-18,Overheat
2000-02-25,Overheat
2000-03-03,Overheat
2000-03-10,Overheat
2000-03-17,Overheat
2000-03-24,Overheat
2000-03-31,Overheat
2000-04-07,Overheat
2000-04-14,Overheat
2000-04-21,Overheat
2000-04-28,Overheat
2000-05-05,Overheat
2000-05-12,Overheat
2000-05-19,Overheat
2000-05-26,Overheat
2000-06-02,Recession
2000-06-09,Recession
2000-06-16,Recession
2000-06-23,Recession
2000-06-30,Recession
2000-07-07,Overheat
2000-07-14,Overheat
2000-07-21,Overheat
2000-07-28,Overheat
2000-08-04,Overheat
2000-08-11,Overheat
2000-08-18,Overheat
2000-08-25,Overheat
2000-09-01,Overheat
2000-09-08,Recession
2000-09-15,Recession
2000-09-22,Recession
2000-09-29,Recession
2000-10-06,Recession
2000-10-13,Recession
2000-10-20,Recession
2000-10-27,Recession
2000-11-03,Recession
2000-11-10,Overheat
2000-11-17,Overheat
2000-11-24,Overheat
2000-12-01,Overheat
2000-12-08,Overheat
2000-12-15,Overheat
2000-12-22,Overheat
2000-12-29,Overheat
2001-01-05,Overheat
2001-01-12,Overheat
2001-01-19,Overheat
2001-01-26,Overheat
2001-02-02,Overheat
2001-02-09,Overheat
2001-02-16,Overheat
2001-02-23,Overheat
2001-03-02,Overheat
2001-03-09,Overheat
2001-03-16,Overheat
2001-03-23,Overheat
2001-03-30,Overheat
2001-04-06,Recession
2001-04-13,Recession
2001-04-20,Recession
2001-04-27,Recession
2001-05-04,Recession
2001-05-11,Recession
2001-05-18,Recession
2001-05-25,Recession
2001-06-01,Recession
2001-06-08,Recession
2001-06-15,Recession
2001-06-22,Recession
2001-06-29,Recession
2001-07-06,Recession
2001-07-13,Recession
2001-07-20,Recession
2001-07-27,Recession
2001-08-03,Recession
2001-08-10,Recession
2001-08-17,Recession
2001-08-24,Recession
2001-08-31,Recession
2001-09-07,Recession
2001-09-14,Recession
2001-09-21,Recession
2001-09-28,Recession
2001-10-05,Recession
2001-10-12,Recession
2001-10-19,Recession
2001-10-26,Recession
2001-11-02,Recession
2001-11-09,Recession
2001-11-16,Recession
2001-11-23,Recession
2001-11-30,Recession
2001-12-07,Recession
2001-12-14,Recession
2001-12-21,Recession
2001-12-28,Recession
2002-01-04,Recession
2002-01-11,Recession
2002-01-18,Recession
2002-01-25,Recession
2002-02-01,Overheat
2002-02-08,Overheat
2002-02-15,Overheat
2002-02-22,Overheat
2002-03-01,Overheat
2002-03-08,Overheat
2002-03-15,Overheat
2002-03-22,Overheat
2002-03-29,Overheat
2002-04-05,Overheat
2002-04-12,Overheat
2002-04-19,Overheat
2002-04-26,Overheat
2002-05-03,Overheat
2002-05-10,Overheat
2002-05-17,Overheat
2002-05-24,Overheat
2002-05-31,Overheat
2002-06-07,Overheat
2002-06-14,Overheat
2002-06-21,Overheat
2002-06-28,Overheat
2002-07-05,Overheat
2002-07-12,Overheat
2002-07-19,Overheat
2002-07-26,Overheat
2002-08-02,Overheat
2002-08-09,Overheat
2002-08-16,Overheat
2002-08-23,Overheat
2002-08-30,Overheat
2002-09-06,Overheat
2002-09-13,Overheat
2002-09-20,Overheat
2002-09-27,Overheat
2002-10-04,Overheat
2002-10-11,Overheat
2002-10-18,Overheat
2002-10-25,Overheat
2002-11-01,Overheat
2002-11-08,Overheat
2002-11-15,Overheat
2002-11-22,Overheat
2002-11-29,Overheat
2002-12-06,Overheat
2002-12-13,Overheat
2002-12-20,Overheat
2002-12-27,Overheat
2003-01-03,Overheat
2003-01-10,Overheat
2003-01-17,Overheat
2003-01-24,Overheat
2003-01-31,Overheat
2003-02-07,Overheat
2003-02-14,Overheat
2003-02-21,Overheat
2003-02-28,Overheat
2003-03-07,Overheat
2003-03-14,Overheat
2003-03-21,Overheat
2003-03-28,Overheat
2003-04-04,Overheat
2003-04-11,Overheat
2003-04-18,Overheat
2003-04-25,Overheat
2003-05-02,Overheat
2003-05-09,Recession
2003-05-16,Recession
2003-05-23,Recession
2003-05-30,Recession
2003-06-06,Recession
2003-06-13,Recession
2003-06-20,Recession
2003-06-27,Recession
2003-07-04,Recession
2003-07-11,Recession
2003-07-18,Recession
2003-07-25,Recession
2003-08-01,Recession
2003-08-08,Recession
2003-08-15,Recession
2003-08-22,Recession
2003-08-29,Recession
2003-09-05,Recession
2003-09-12,Overheat
2003-09-19,Overheat
2003-09-26,Overheat
2003-10-03,Recession
2003-10-10,Recession
2003-10-17,Recession
2003-10-24,Recession
2003-10-31,Recession
2003-11-07,Recession
2003-11-14,Recession
2003-11-21,Recession
2003-11-28,Recession
2003-12-05,Recession
2003-12-12,Recession
2003-12-19,Recession
2003-12-26,Recession
2004-01-02,Recession
2004-01-09,Overheat
2004-01-16,Overheat
2004-01-23,Overheat
2004-01-30,Overheat
2004-02-06,Overheat
2004-02-13,Overheat
2004-02-20,Overheat
2004-02-27,Overheat
2004-03-05,Overheat
2004-03-12,Overheat
2004-03-19,Overheat
2004-03-26,Overheat
2004-04-02,Overheat
2004-04-09,Overheat
2004-04-16,Overheat
2004-04-23,Overheat
2004-04-30,Overheat
2004-05-07,Overheat
2004-05-14,Overheat
2004-05-21,Overheat
2004-05-28,Overheat
2004-06-04,Overheat
2004-06-11,Overheat
2004-06-18,Overheat
2004-06-25,Overheat
2004-07-02,Overheat
2004-07-09,Overheat
2004-07-16,Overheat
2004-07-23,Overheat
2004-07-30,Overheat
2004-08-06,Overheat
2004-08-13,Overheat
2004-08-20,Overheat
2004-08-27,Overheat
2004-09-03,Recession
2004-09-10,Recession
2004-09-17,Recession
2004-09-24,Recession
2004-10-01,Recession
2004-10-08,Recession
2004-10-15,Recession
2004-10-22,Recession
2004-10-29,Recession
2004-11-05,Recession
2004-11-12,Overheat
2004-11-19,Overheat
2004-11-26,Overheat
2004-12-03,Overheat
2004-12-10,Overheat
2004-12-17,Overheat
2004-12-24,Overheat
2004-12-31,Overheat
2005-01-07,Overheat
2005-01-14,Overheat
2005-01-21,Overheat
2005-01-28,Overheat
2005-02-04,Recession
2005-02-11,Recession
2005-02-18,Recession
2005-02-25,Recession
2005-03-04,Recession
2005-03-11,Recession
2005-03-18,Recession
2005-03-25,Recession
2005-04-01,Recession
2005-04-08,Overheat
2005-04-15,Overheat
2005-04-22,Overheat
2005-04-29,Overheat
2005-05-06,Overheat
2005-05-13,Overheat
2005-05-20,Overheat
2005-05-27,Overheat
2005-06-03,Recession
2005-06-10,Recession
2005-06-17,Recession
2005-06-24,Recession
2005-07-01,Recession
2005-07-08,Recession
2005-07-15,Recession
2005-07-22,Recession
2005-07-29,Recession
2005-08-05,Recession
2005-08-12,Recession
2005-08-19,Recession
2005-08-26,Recession
2005-09-02,Overheat
2005-09-09,Overheat
2005-09-16,Overheat
2005-09-23,Overheat
2005-09-30,Overheat
2005-10-07,Overheat
2005-10-14,Overheat
2005-10-21,Overheat
2005-10-28,Overheat
2005-11-04,Overheat
2005-11-11,Overheat
2005-11-18,Overheat
2005-11-25,Overheat
2005-12-02,Overheat
2005-12-09,Overheat
2005-12-16,Overheat
2005-12-23,Overheat
2005-12-30,Recession
2006-01-06,Recession
2006-01-13,Recession
2006-01-20,Recession
2006-01-27,Recession
2006-02-03,Recession
2006-02-10,Recession
2006-02-17,Recession
2006-02-24,Recession
2006-03-03,Recession
2006-03-10,Recession
2006-03-17,Recession
2006-03-24,Recession
2006-03-31,Recession
2006-04-07,Recession
2006-04-14,Recession
2006-04-21,Recession
2006-04-28,Recession
2006-05-05,Recession
2006-05-12,Recession
2006-05-19,Recession
2006-05-26,Recession
2006-06-02,Recession
2006-06-09,Recession
2006-06-16,Recession
2006-06-23,Recession
2006-06-30,Recession
2006-07-07,Overheat
2006-07-14,Overheat
2006-07-21,Overheat
2006-07-28,Overheat
2006-08-04,Recession
2006-08-11,Recession
2006-08-18,Recession
2006-08-25,Recession
2006-09-01,Recession
2006-09-08,Overheat
2006-09-15,Overheat
2006-09-22,Overheat
2006-09-29,Overheat
2006-10-06,Overheat
2006-10-13,Recession
2006-10-20,Recession
2006-10-27,Recession
2006-11-03,Recession
2006-11-10,Recession
2006-11-17,Recession
2006-11-24,Recession
2006-12-01,Recession
2006-12-08,Recession
2006-12-15,Recession
2006-12-22,Recession
2006-12-29,Recession
2007-01-05,Recession
2007-01-12,Overheat
2007-01-19,Overheat
2007-01-26,Overheat
2007-02-02,Overheat
2007-02-09,Overheat
2007-02-16,Overheat
2007-02-23,Overheat
2007-03-02,Overheat
2007-03-09,Overheat
2007-03-16,Overheat
2007-03-23,Overheat
2007-03-30,Overheat
2007-04-06,Overheat
2007-04-13,Overheat
2007-04-20,Overheat
2007-04-27,Overheat
2007-05-04,Overheat
2007-05-11,Overheat
2007-05-18,Overheat
2007-05-25,Overheat
2007-06-01,Overheat
2007-06-08,Overheat
2007-06-15,Overheat
2007-06-22,Overheat
2007-06-29,Overheat
2007-07-06,Overheat
2007-07-13,Overheat
2007-07-20,Overheat
2007-07-27,Overheat
2007-08-03,Overheat
2007-08-10,Overheat
2007-08-17,Overheat
2007-08-24,Overheat
2007-08-31,Overheat
2007-09-07,Recession
2007-09-14,Recession
2007-09-21,Recession
2007-09-28,Recession
2007-10-05,Recession
2007-10-12,Recession
2007-10-19,Recession
2007-10-26,Recession
2007-11-02,Recession
2007-11-09,Overheat
2007-11-16,Overheat
2007-11-23,Overheat
2007-11-30,Overheat
2007-12-07,Overheat
2007-12-14,Overheat
2007-12-21,Overheat
2007-12-28,Overheat
2008-01-04,Overheat
2008-01-11,Overheat
2008-01-18,Overheat
2008-01-25,Overheat
2008-02-01,Overheat
2008-02-08,Overheat
2008-02-15,Overheat
2008-02-22,Overheat
2008-02-29,Overheat
2008-03-07,Overheat
2008-03-14,Overheat
2008-03-21,Overheat
2008-03-28,Overheat
2008-04-04,Overheat
2008-04-11,Overheat
2008-04-18,Overheat
2008-04-25,Overheat
2008-05-02,Overheat
2008-05-09,Overheat
2008-05-16,Overheat
2008-05-23,Overheat
2008-05-30,Overheat
2008-06-06,Overheat
2008-06-13,Overheat
2008-06-20,Overheat
2008-06-27,Overheat
2008-07-04,Overheat
2008-07-11,Overheat
2008-07-18,Overheat
2008-07-25,Overheat
2008-08-01,Overheat
2008-08-08,Overheat
2008-08-15,Overheat
2008-08-22,Overheat
2008-08-29,Overheat
2008-09-05,Overheat
2008-09-12,Recession
2008-09-19,Recession
2008-09-26,Recession
2008-10-03,Recession
2008-10-10,Recession
2008-10-17,Recession
2008-10-24,Recession
2008-10-31,Recession
2008-11-07,Recession
2008-11-14,Recession
2008-11-21,Recession
2008-11-28,Recession
2008-12-05,Recession
2008-12-12,Recession
2008-12-19,Recession
2008-12-26,Recession
2009-01-02,Recession
2009-01-09,Recession
2009-01-16,Recession
2009-01-23,Recession
2009-01-30,Recession
2009-02-06,Recession
2009-02-13,Recession
2009-02-20,Recession
2009-02-27,Recession
2009-03-06,Recession
2009-03-13,Recession
2009-03-20,Recession
2009-03-27,Recession
2009-04-03,Recession
2009-04-10,Recession
2009-04-17,Recession
2009-04-24,Recession
2009-05-01,Recession
2009-05-08,Recession
2009-05-15,Overheat
2009-05-22,Overheat
2009-05-29,Overheat
2009-06-05,Overheat
2009-06-12,Overheat
2009-06-19,Overheat
2009-06-26,Overheat
2009-07-03,Overheat
2009-07-10,Overheat
2009-07-17,Overheat
2009-07-24,Overheat
2009-07-31,Overheat
2009-08-07,Overheat
2009-08-14,Overheat
2009-08-21,Overheat
2009-08-28,Overheat
2009-09-04,Overheat
2009-09-11,Overheat
2009-09-18,Overheat
2009-09-25,Overheat
2009-10-02,Overheat
2009-10-09,Overheat
2009-10-16,Overheat
2009-10-23,Overheat
2009-10-30,Overheat
2009-11-06,Overheat
2009-11-13,Overheat
2009-11-20,Overheat
2009-11-27,Overheat
2009-12-04,Overheat
2009-12-11,Overheat
2009-12-18,Overheat
2009-12-25,Overheat
2010-01-01,Overheat
2010-01-08,Overheat
2010-01-15,Overheat
2010-01-22,Overheat
2010-01-29,Overheat
2010-02-05,Overheat
2010-02-12,Overheat
2010-02-19,Overheat
2010-02-26,Overheat
2010-03-05,Overheat
2010-03-12,Overheat
2010-03-19,Overheat
2010-03-26,Overheat
2010-04-02,Overheat
2010-04-09,Overheat
2010-04-16,Recession
2010-04-23,Recession
2010-04-30,Recession
2010-05-07,Recession
2010-05-14,Recession
2010-05-21,Recession
2010-05-28,Recession
2010-06-04,Recession
2010-06-11,Recession
2010-06-18,Recession
2010-06-25,Recession
2010-07-02,Recession
2010-07-09,Recession
2010-07-16,Recession
2010-07-23,Recession
2010-07-30,Recession
2010-08-06,Recession
2010-08-13,Recession
2010-08-20,Recession
2010-08-27,Recession
2010-09-03,Recession
2010-09-10,Recession
2010-09-17,Recession
2010-09-24,Recession
2010-10-01,Recession
2010-10-08,Overheat
2010-10-15,Overheat
2010-10-22,Overheat
2010-10-29,Overheat
2010-11-05,Overheat
2010-11-12,Overheat
2010-11-19,Overheat
2010-11-26,Overheat
2010-12-03,Overheat
2010-12-10,Overheat
2010-12-17,Overheat
2010-12-24,Overheat
2010-12-31,Overheat
2011-01-07,Overheat
2011-01-14,Overheat
2011-01-21,Overheat
2011-01-28,Overheat
2011-02-04,Overheat
2011-02-11,Overheat
2011-02-18,Overheat
2011-02-25,Overheat
2011-03-04,Overheat
2011-03-11,Overheat
2011-03-18,Overheat
2011-03-25,Overheat
2011-04-01,Overheat
2011-04-08,Overheat
2011-04-15,Overheat
2011-04-22,Overheat
2011-04-29,Overheat
2011-05-06,Overheat
2011-05-13,Overheat
2011-05-20,Overheat
2011-05-27,Overheat
2011-06-03,Overheat
2011-06-10,Overheat
2011-06-17,Overheat
2011-06-24,Overheat
2011-07-01,Recession
2011-07-08,Recession
2011-07-15,Recession
2011-07-22,Recession
2011-07-29,Recession
2011-08-05,Recession
2011-08-12,Recession
2011-08-19,Recession
2011-08-26,Recession
2011-09-02,Recession
2011-09-09,Recession
2011-09-16,Recession
2011-09-23,Recession
2011-09-30,Recession
2011-10-07,Recession
2011-10-14,Recession
2011-10-21,Recession
2011-10-28,Recession
2011-11-04,Recession
2011-11-11,Recession
2011-11-18,Recession
2011-11-25,Recession
2011-12-02,Recession
2011-12-09,Recession
2011-12-16,Recession
2011-12-23,Recession
2011-12-30,Recession
2012-01-06,Recession
2012-01-13,Recession
2012-01-20,Recession
2012-01-27,Recession
2012-02-03,Recession
2012-02-10,Recession
2012-02-17,Recession
2012-02-24,Recession
2012-03-02,Recession
2012-03-09,Recession
2012-03-16,Recession
2012-03-23,Recession
2012-03-30,Recession
2012-04-06,Recession
2012-04-13,Overheat
2012-04-20,Overheat
2012-04-27,Overheat
2012-05-04,Overheat
2012-05-11,Recession
2012-05-18,Recession
2012-05-25,Recession
2012-06-01,Recession
2012-06-08,Recession
2012-06-15,Recession
2012-06-22,Recession
2012-06-29,Recession
2012-07-06,Recession
2012-07-13,Recession
2012-07-20,Recession
2012-07-27,Recession
2012-08-03,Recession
2012-08-10,Recession
2012-08-17,Recession
2012-08-24,Recession
2012-08-31,Recession
2012-09-07,Overheat
2012-09-14,Overheat
2012-09-21,Overheat
2012-09-28,Overheat
2012-10-05,Overheat
2012-10-12,Overheat
2012-10-19,Overheat
2012-10-26,Overheat
2012-11-02,Overheat
2012-11-09,Overheat
2012-11-16,Overheat
2012-11-23,Overheat
2012-11-30,Overheat
2012-12-07,Overheat
2012-12-14,Overheat
2012-12-21,Overheat
2012-12-28,Overheat
2013-01-04,Recession
2013-01-11,Recession
2013-01-18,Recession
2013-01-25,Recession
2013-02-01,Recession
2013-02-08,Recession
2013-02-15,Recession
2013-02-22,Recession
2013-03-01,Overheat
2013-03-08,Overheat
2013-03-15,Overheat
2013-03-22,Overheat
2013-03-29,Overheat
2013-04-05,Overheat
2013-04-12,Recession
2013-04-19,Recession
2013-04-26,Recession
2013-05-03,Recession
2013-05-10,Recession
2013-05-17,Recession
2013-05-24,Recession
2013-05-31,Recession
2013-06-07,Recession
2013-06-14,Recession
2013-06-21,Recession
2013-06-28,Recession
2013-07-05,Recession
2013-07-12,Recession
2013-07-19,Recession
2013-07-26,Recession
2013-08-02,Recession
2013-08-09,Recession
2013-08-16,Recession
2013-08-23,Recession
2013-08-30,Recession
2013-09-06,Recession
2013-09-13,Recession
2013-09-20,Recession
2013-09-27,Recession
2013-10-04,Recession
2013-10-11,Recession
2013-10-18,Recession
2013-10-25,Recession
2013-11-01,Recession
2013-11-08,Recession
2013-11-15,Recession
2013-11-22,Recession
2013-11-29,Recession
2013-12-06,Recession
2013-12-13,Recession
2013-12-20,Recession
2013-12-27,Recession
2014-01-03,Recession
2014-01-10,Overheat
2014-01-17,Overheat
2014-01-24,Overheat
2014-01-31,Overheat
2014-02-07,Overheat
2014-02-14,Overheat
2014-02-21,Overheat
2014-02-28,Overheat
2014-03-07,Overheat
2014-03-14,Overheat
2014-03-21,Overheat
2014-03-28,Overheat
2014-04-04,Overheat
2014-04-11,Overheat
2014-04-18,Overheat
2014-04-25,Overheat
2014-05-02,Overheat
2014-05-09,Overheat
2014-05-16,Overheat
2014-05-23,Overheat
2014-05-30,Recession
2014-06-06,Recession
2014-06-13,Recession
2014-06-20,Recession
2014-06-27,Recession
2014-07-04,Recession
2014-07-11,Recession
2014-07-18,Recession
2014-07-25,Recession
2014-08-01,Recession
2014-08-08,Recession
2014-08-15,Recession
2014-08-22,Recession
2014-08-29,Recession
2014-09-05,Recession
2014-09-12,Recession
2014-09-19,Recession
2014-09-26,Recession
2014-10-03,Recession
2014-10-10,Recession
2014-10-17,Recession
2014-10-24,Recession
2014-10-31,Recession
2014-11-07,Recession
2014-11-14,Recession
2014-11-21,Recession
2014-11-28,Recession
2014-12-05,Recession
2014-12-12,Recession
2014-12-19,Recession
2014-12-26,Recession
2015-01-02,Recession
2015-01-09,Recession
2015-01-16,Recession
2015-01-23,Recession
2015-01-30,Recession
2015-02-06,Recession
2015-02-13,Recession
2015-02-20,Recession
2015-02-27,Recession
2015-03-06,Recession
2015-03-13,Recession
2015-03-20,Recession
2015-03-27,Recession
2015-04-03,Recession
2015-04-10,Recession
2015-04-17,Recession
2015-04-24,Recession
2015-05-01,Recession
2015-05-08,Overheat
2015-05-15,Overheat
2015-05-22,Overheat
2015-05-29,Overheat
2015-06-05,Overheat
2015-06-12,Overheat
2015-06-19,Overheat
2015-06-26,Overheat
2015-07-03,Overheat
2015-07-10,Overheat
2015-07-17,Overheat
2015-07-24,Overheat
2015-07-31,Overheat
2015-08-07,Overheat
2015-08-14,Overheat
2015-08-21,Overheat
2015-08-28,Overheat
2015-09-04,Overheat
2015-09-11,Overheat
2015-09-18,Overheat
2015-09-25,Overheat
2015-10-02,Overheat
2015-10-09,Recession
2015-10-16,Recession
2015-10-23,Recession
2015-10-30,Recession
2015-11-06,Recession
2015-11-13,Recession
2015-11-20,Recession
2015-11-27,Recession
2015-12-04,Recession
2015-12-11,Recession
2015-12-18,Recession
2015-12-25,Recession
2016-01-01,Overheat
2016-01-08,Overheat
2016-01-15,Overheat
2016-01-22,Overheat
2016-01-29,Overheat
2016-02-05,Overheat
2016-02-12,Recession
2016-02-19,Recession
2016-02-26,Recession
2016-03-04,Recession
2016-03-11,Recession
2016-03-18,Recession
2016-03-25,Recession
2016-04-01,Recession
2016-04-08,Overheat
2016-04-15,Overheat
2016-04-22,Overheat
2016-04-29,Overheat
2016-05-06,Overheat
2016-05-13,Overheat
2016-05-20,Overheat
2016-05-27,Overheat
2016-06-03,Overheat
2016-06-10,Overheat
2016-06-17,Overheat
2016-06-24,Overheat
2016-07-01,Overheat
2016-07-08,Overheat
2016-07-15,Overheat
2016-07-22,Overheat
2016-07-29,Overheat
2016-08-05,Overheat
2016-08-12,Overheat
2016-08-19,Overheat
2016-08-26,Overheat
2016-09-02,Overheat
2016-09-09,Overheat
2016-09-16,Overheat
2016-09-23,Overheat
2016-09-30,Overheat
2016-10-07,Overheat
2016-10-14,Overheat
2016-10-21,Overheat
2016-10-28,Overheat
2016-11-04,Overheat
2016-11-11,Overheat
2016-11-18,Overheat
2016-11-25,Overheat
2016-12-02,Overheat
2016-12-09,Overheat
2016-12-16,Overheat
2016-12-23,Overheat
2016-12-30,Overheat
2017-01-06,Overheat
2017-01-13,Overheat
2017-01-20,Overheat
2017-01-27,Overheat
2017-02-03,Overheat
2017-02-10,Overheat
2017-02-17,Overheat
2017-02-24,Overheat
2017-03-03,Overheat
2017-03-10,Overheat
2017-03-17,Overheat
2017-03-24,Overheat
2017-03-31,Overheat
2017-04-07,Overheat
2017-04-14,Overheat
2017-04-21,Overheat
2017-04-28,Overheat
2017-05-05,Recession
2017-05-12,Recession
2017-05-19,Recession
2017-05-26,Recession
2017-06-02,Recession
2017-06-09,Recession
2017-06-16,Recession
2017-06-23,Recession
2017-06-30,Recession
2017-07-07,Recession
2017-07-14,Recession
2017-07-21,Recession
2017-07-28,Recession
2017-08-04,Recession
2017-08-11,Recession
2017-08-18,Recession
2017-08-25,Recession
2017-09-01,Recession
2017-09-08,Recession
2017-09-15,Recession
2017-09-22,Recession
2017-09-29,Recession
2017-10-06,Recession
2017-10-13,Overheat
2017-10-20,Overheat
2017-10-27,Overheat
2017-11-03,Overheat
2017-11-10,Overheat
2017-11-17,Overheat
2017-11-24,Overheat
2017-12-01,Overheat
2017-12-08,Overheat
2017-12-15,Overheat
2017-12-22,Overheat
2017-12-29,Overheat
2018-01-05,Overheat
2018-01-12,Overheat
2018-01-19,Overheat
2018-01-26,Overheat
2018-02-02,Overheat
2018-02-09,Overheat
2018-02-16,Overheat
2018-02-23,Overheat
2018-03-02,Overheat
2018-03-09,Overheat
2018-03-16,Overheat
2018-03-23,Overheat
2018-03-30,Overheat
2018-04-06,Overheat
2018-04-13,Overheat
2018-04-20,Overheat
2018-04-27,Overheat
2018-05-04,Recession
2018-05-11,Recession
2018-05-18,Recession
2018-05-25,Recession
2018-06-01,Recession
2018-06-08,Recession
2018-06-15,Recession
2018-06-22,Recession
2018-06-29,Recession
2018-07-06,Overheat
2018-07-13,Overheat
2018-07-20,Recession
2018-07-27,Recession
2018-08-03,Recession
2018-08-10,Recession
2018-08-17,Recession
2018-08-24,Recession
2018-08-31,Recession
2018-09-07,Recession
2018-09-14,Recession
2018-09-21,Recession
2018-09-28,Recession
2018-10-05,Recession
2018-10-12,Recession
2018-10-19,Recession
2018-10-26,Recession
2018-11-02,Recession
2018-11-09,Recession
2018-11-16,Recession
2018-11-23,Recession
2018-11-30,Recession
2018-12-07,Recession
2018-12-14,Recession
2018-12-21,Recession
2018-12-28,Recession
2019-01-04,Recession
2019-01-11,Recession
2019-01-18,Recession
2019-01-25,Recession
2019-02-01,Recession
2019-02-08,Recession
2019-02-15,Recession
2019-02-22,Recession
2019-03-01,Recession
2019-03-08,Recession
2019-03-15,Recession
2019-03-22,Recession
2019-03-29,Recession
2019-04-05,Recession
2019-04-12,Recession
2019-04-19,Recession
2019-04-26,Recession
2019-05-03,Overheat
2019-05-10,Overheat
2019-05-17,Overheat
2019-05-24,Overheat
2019-05-31,Overheat
2019-06-07,Overheat
2019-06-14,Overheat
2019-06-21,Overheat
2019-06-28,Overheat
2019-07-05,Recession
2019-07-12,Recession
2019-07-19,Recession
2019-07-26,Recession
2019-08-02,Recession
2019-08-09,Recession
2019-08-16,Recession
2019-08-23,Recession
2019-08-30,Recession
2019-09-06,Recession
2019-09-13,Recession
2019-09-20,Recession
2019-09-27,Recession
2019-10-04,Overheat
2019-10-11,Overheat
2019-10-18,Overheat
2019-10-25,Overheat
2019-11-01,Overheat
2019-11-08,Overheat
2019-11-15,Overheat
2019-11-22,Overheat
2019-11-29,Overheat
2019-12-06,Overheat
2019-12-13,Overheat
2019-12-20,Overheat
2019-12-27,Overheat
2020-01-03,Overheat
2020-01-10,Overheat
2020-01-17,Overheat
2020-01-24,Overheat
2020-01-31,Overheat
2020-02-07,Overheat
2020-02-14,Overheat
2020-02-21,Overheat
2020-02-28,Overheat
2020-03-06,Overheat
2020-03-13,Recession
2020-03-20,Recession
2020-03-27,Recession
2020-04-03,Recession
2020-04-10,Recession
2020-04-17,Recession
2020-04-24,Recession
2020-05-01,Recession
2020-05-08,Recession
2020-05-15,Recession
2020-05-22,Recession
2020-05-29,Recession
2020-06-05,Recession
2020-06-12,Recession
2020-06-19,Recession
2020-06-26,Recession
2020-07-03,Recession
2020-07-10,Recession
2020-07-17,Recession
2020-07-24,Recession
2020-07-31,Overheat
2020-08-07,Overheat
2020-08-14,Overheat
2020-08-21,Overheat
2020-08-28,Overheat
2020-09-04,Overheat
2020-09-11,Overheat
2020-09-18,Overheat
2020-09-25,Overheat
2020-10-02,Overheat
2020-10-09,Overheat
2020-10-16,Overheat
2020-10-23,Overheat
2020-10-30,Overheat
2020-11-06,Overheat
2020-11-13,Overheat
2020-11-20,Overheat
2020-11-27,Overheat
2020-12-04,Overheat
2020-12-11,Overheat
2020-12-18,Overheat
2020-12-25,Overheat
2021-01-01,Overheat
2021-01-08,Overheat
2021-01-15,Overheat
2021-01-22,Overheat
2021-01-29,Overheat
2021-02-05,Overheat
2021-02-12,Overheat
2021-02-19,Overheat
2021-02-26,Overheat
2021-03-05,Overheat
2021-03-12,Overheat
2021-03-19,Overheat
2021-03-26,Overheat
2021-04-02,Overheat
2021-04-09,Overheat
2021-04-16,Overheat
2021-04-23,Overheat
2021-04-30,Overheat
2021-05-07,Overheat
2021-05-14,Overheat
2021-05-21,Overheat
2021-05-28,Overheat
2021-06-04,Overheat
2021-06-11,Overheat
2021-06-18,Overheat
2021-06-25,Overheat
2021-07-02,Overheat
2021-07-09,Overheat
2021-07-16,Overheat
2021-07-23,Overheat
2021-07-30,Recession
2021-08-06,Recession
2021-08-13,Overheat
2021-08-20,Overheat
2021-08-27,Overheat
2021-09-03,Recession
2021-09-10,Recession
2021-09-17,Recession
2021-09-24,Recession
2021-10-01,Recession
2021-10-08,Overheat
2021-10-15,Overheat
2021-10-22,Overheat
2021-10-29,Recession
2021-11-05,Recession
2021-11-12,Overheat
2021-11-19,Overheat
2021-11-26,Overheat
2021-12-03,Overheat
2021-12-10,Overheat
2021-12-17,Overheat
2021-12-24,Overheat
2021-12-31,Recession
2022-01-07,Recession
2022-01-14,Recession
2022-01-21,Recession
2022-01-28,Recession
2022-02-04,Recession
2022-02-11,Recession
2022-02-18,Recession
2022-02-25,Recession
2022-03-04,Recession
2022-03-11,Recession
2022-03-18,Recession
2022-03-25,Recession
2022-04-01,Recession
2022-04-08,Overheat
2022-04-15,Overheat
2022-04-22,Overheat
2022-04-29,Overheat
2022-05-06,Overheat
2022-05-13,Overheat
2022-05-20,Overheat
2022-05-27,Overheat
2022-06-03,Overheat
2022-06-10,Overheat
2022-06-17,Overheat
2022-06-24,Overheat
2022-07-01,Overheat
2022-07-08,Overheat
2022-07-15,Overheat
2022-07-22,Overheat
2022-07-29,Overheat
2022-08-05,Overheat
2022-08-12,Recession
2022-08-19,Recession
2022-08-26,Recession
2022-09-02,Recession
2022-09-09,Recession
2022-09-16,Recession
2022-09-23,Recession
2022-09-30,Recession
2022-10-07,Recession
2022-10-14,Recession
2022-10-21,Recession
2022-10-28,Recession
2022-11-04,Recession
2022-11-11,Recession
2022-11-18,Recession
2022-11-25,Recession
2022-12-02,Recession
2022-12-09,Recession
2022-12-16,Recession
2022-12-23,Recession
2022-12-30,Recession
2023-01-06,Recession
2023-01-13,Recession
2023-01-20,Recession
2023-01-27,Recession
2023-02-03,Recession
2023-02-10,Recession
2023-02-17,Recession
2023-02-24,Recession
2023-03-03,Recession
2023-03-10,Recession
2023-03-17,Recession
2023-03-24,Recession
2023-03-31,Recession
2023-04-07,Recession
2023-04-14,Recession
2023-04-21,Recession
2023-04-28,Recession
2023-05-05,Recession
2023-05-12,Recession
2023-05-19,Recession
2023-05-26,Recession
2023-06-02,Recession
2023-06-09,Recession
2023-06-16,Recession
2023-06-23,Recession
2023-06-30,Recession
2023-07-07,Recession
2023-07-14,Recession
2023-07-21,Recession
2023-07-28,Recession
2023-08-04,Recession
2023-08-11,Recession
2023-08-18,Recession
2023-08-25,Recession
2023-09-01,Overheat
2023-09-08,Overheat
2023-09-15,Overheat
2023-09-22,Overheat
2023-09-29,Overheat
2023-10-06,Overheat
2023-10-13,Overheat
2023-10-20,Overheat
2023-10-27,Overheat
2023-11-03,Overheat
2023-11-10,Overheat
2023-11-17,Overheat
2023-11-24,Overheat
2023-12-01,Overheat
2023-12-08,Overheat
2023-12-15,Overheat
2023-12-22,Overheat
2023-12-29,Overheat
2024-01-05,Recession
2024-01-12,Recession
2024-01-19,Recession
2024-01-26,Recession
2024-02-02,Overheat
2024-02-09,Overheat
2024-02-16,Overheat
2024-02-23,Overheat
2024-03-01,Overheat
2024-03-08,Overheat
2024-03-15,Overheat
2024-03-22,Overheat
2024-03-29,Overheat
2024-04-05,Overheat
2024-04-12,Overheat
2024-04-19,Overheat
2024-04-26,Overheat
2024-05-03,Overheat
2024-05-10,Overheat
2024-05-17,Overheat
2024-05-24,Overheat
2024-05-31,Overheat
2024-06-07,Recession
2024-06-14,Recession
2024-06-21,Recession
2024-06-28,Recession
2024-07-05,Recession
2024-07-12,Recession
2024-07-19,Recession
2024-07-26,Recession
2024-08-02,Recession
2024-08-09,Recession
2024-08-16,Recession
2024-08-23,Recession
2024-08-30,Recession
2024-09-06,Recession
2024-09-13,Recession
2024-09-20,Recession
2024-09-27,Recession
2024-10-04,Recession
2024-10-11,Recession
2024-10-18,Recession
2024-10-25,Recession
2024-11-01,Recession
2024-11-08,Overheat
2024-11-15,Overheat
2024-11-22,Overheat
2024-11-29,Overheat
2024-12-06,Overheat
2024-12-13,Overheat
2024-12-20,Overheat
2024-12-27,Overheat
2025-01-03,Overheat
2025-01-10,Overheat
2025-01-17,Overheat
2025-01-24,Overheat
2025-01-31,Overheat
2025-02-07,Overheat
2025-02-14,Overheat
2025-02-21,Overheat
2025-02-28,Overheat
2025-03-07,Overheat
2025-03-14,Overheat
2025-03-21,Overheat
2025-03-28,Overheat
2025-04-04,Overheat
2025-04-11,Recession
2025-04-18,Recession
2025-04-25,Recession
2025-05-02,Recession
2025-05-09,Recession
2025-05-16,Recession
2025-05-23,Recession
2025-05-30,Recession
2025-06-06,Recession
2025-06-13,Recession
2025-06-20,Recession
2025-06-27,Recession
2025-07-04,Recession
2025-07-11,Recession
2025-07-18,Recession
2025-07-25,Recession
2025-08-01,Overheat
2025-08-08,Overheat
2025-08-15,Overheat
2025-08-22,Overheat
2025-08-29,Overheat
2025-09-05,Overheat
2025-09-12,Overheat
2025-09-19,Overheat
2025-09-26,Overheat
2025-10-03,Overheat
2025-10-10,Overheat
2025-10-17,Overheat
2025-10-24,Overheat
2025-10-31,Overheat
2025-11-07,Overheat
2025-11-14,Overheat
2025-11-21,Overheat
2025-11-28,Overheat
2025-12-05,Overheat
2025-12-12,Overheat
2025-12-19,Overheat
2025-12-26,Overheat
2026-01-02,Overheat
2026-01-09,Overheat
2026-01-16,Overheat
2026-01-23,Overheat
2026-01-30,Overheat
2026-02-06,Overheat
2026-02-13,Overheat
2026-02-20,Overheat
2026-02-27,Overheat
2026-03-06,Overheat
2026-03-13,Overheat
2026-03-20,Overheat
2026-03-27,Overheat
2026-04-03,Overheat
2026-04-10,Overheat
2026-04-17,Overheat
2026-04-24,Overheat
2026-05-01,Overheat
2026-05-08,Overheat
2026-05-15,Overheat
2026-05-22,Overheat
